{
  "version": "3.57.26476.0",
  "course_id": "6o1xgxSA11W_course_id",
  "title": "How to Process a Return",
  "thumbnail": "story_content/thumbnail.jpg",
  "scenes": [
    {
      "title": "Untitled Scene"
    },
    {
      "title": "SOP"
    }
  ],
  "slides": [
    {
      "id": "5UraQejarhS",
      "title": "Customer Service Scenario",
      "scene_index": "1.1"
    },
    {
      "id": "5cyAYsYhSpf",
      "title": "Customer Service Scenario",
      "scene_index": "1.2"
    },
    {
      "id": "5kganSIHGyD",
      "title": "Pop up tip",
      "scene_index": "1.3"
    },
    {
      "id": "5m2zj7xGJTn",
      "title": "Question 1",
      "scene_index": "1.4"
    },
    {
      "id": "6GHkRGHL2dJ",
      "title": "Question 2",
      "scene_index": "1.5"
    },
    {
      "id": "5mMDPuaZd46",
      "title": "Question 7",
      "scene_index": "1.6"
    },
    {
      "id": "5zQqN2XTsoo",
      "title": "Results Slide",
      "scene_index": "1.7"
    },
    {
      "id": "5ht42AiBfGf",
      "title": "Question 3",
      "scene_index": "1.8"
    },
    {
      "id": "643PxYS2jUf",
      "title": "Question 4",
      "scene_index": "1.9"
    },
    {
      "id": "5ZoVp3hnlXj",
      "title": "Question 5",
      "scene_index": "1.10"
    },
    {
      "id": "6TUC8uiVjZn",
      "title": "Question 6",
      "scene_index": "1.11"
    },
    {
      "id": "5awIr11UOPy",
      "title": "SOP",
      "scene_index": "2.1"
    }
  ],
  "player": {
    "name": "unified",
    "width": 740,
    "height": 611
  },
  "stage": {
    "width": 720,
    "height": 540
  }
}